{"cameraMode":{"drawMode":0,"name":"Shaded","section":"Shading Mode"},"sceneLighting":true,"audioPlay":false,"sceneViewState":{"showFog":true,"showMaterialUpdate":false,"showSkybox":true,"showFlares":true,"showImageEffects":true,"showParticleSystems":true},"in2DMode":false,"pivot":{"x":0.0,"y":0.5190000534057617,"z":-0.23500001430511475},"rotation":{"x":0.05010974407196045,"y":-0.7099481225013733,"z":0.050774578005075458,"w":0.7006340026855469},"size":5.144608497619629,"orthographic":true}