{"cameraMode":{"drawMode":0,"name":"Shaded","section":"Shading Mode"},"sceneLighting":false,"audioPlay":false,"sceneViewState":{"showFog":true,"showMaterialUpdate":false,"showSkybox":false,"showFlares":true,"showImageEffects":true,"showParticleSystems":true},"in2DMode":false,"pivot":{"x":0.0,"y":0.5080000162124634,"z":-1.562999963760376},"rotation":{"x":0.12139909714460373,"y":0.2803237736225128,"z":-0.03576555475592613,"w":0.9515272378921509},"size":0.34641018509864809,"orthographic":true}